test,stat,pvalue
META_model,"order=(1, 0, 1), seasonal=(0, 0, 0, 0), trend=c",
META_lengths,"train_n=640, resid_n=640",
LjungBox_lag6,23.824851053691255,0.000562
LjungBox_lag12,46.46189307428886,0.000006
LjungBox_lag18,66.01286022723006,0.000000
LjungBox_lag24,80.94457530996549,0.000000
JarqueBera,1411.7331790386397,0.000000
Skewness,0.3474740405961419,
Kurtosis,10.242723339904414,
ARCH_LM_L12,36.47151791436934,0.000272
ARCH_F_L12,3.1598906049647235,0.000216
