model,RMSFE,MAFE,MSFE,MSFE_ratio_vs_naive
naive,0.541418,0.292155,0.293134,1.000000
arima,0.545364,0.268730,0.297422,1.014629
mean,0.733220,0.382120,0.537612,1.834014
