model,RMSFE,MAFE,MSFE,MSFE_ratio_vs_naive,DM_vs_naive_stat,DM_vs_naive_pvalue
naive,0.541418,0.292155,0.293134,1.000000,,
arima,0.545364,0.268730,0.297422,1.014629,0.048846,0.961104
mean,0.733220,0.382120,0.537612,1.834014,1.273573,0.204674
